ID,Certification__c,Name,Status__c
200,,Course101,Active
201,,Course102,Active
202,,Course103,Active
203,,Course104,Active
204,,Course105,Active
205,,Course106,Active
206,,Course107,Active
207,,Course108,Active
208,,Course109,Active
209,,Course110,Active
210,2001,Course111,Active
211,2001,Course112,Active
212,2002,Course113,Active
213,2002,Course114,Active
214,2002,Course115,Active
215,2002,Course116,Active
216,2003,Course117,Active
217,2003,Course118,Active
218,2003,Course119,Active
219,2004,Course120,Active
220,2004,Course121,Active
221,2004,Course122,Active
222,2004,Course123,Active
223,2004,Course124,Active
224,2005,Course125,Active
225,2005,Course126,Active
226,2005,Course127,Active
227,2005,Course128,Active
228,2006,Course129,Active
229,2006,Course130,Active
230,2007,Course131,Active
231,2007,Course132,Active
232,2007,Course133,Active
233,2007,Course134,Active
234,2007,Course135,Active
235,2007,Course136,Active
236,2008,Course137,Active
237,2008,Course138,Active
238,2008,Course139,Active
239,2009,Course140,Active
240,2009,Course141,Active
241,2009,Course142,Active
242,2009,Course143,Active
243,2010,Course144,Active
244,2010,Course145,Active
245,2011,Course146,Active
246,2011,Course147,Active
247,2011,Course148,Active
248,2011,Course149,Active
249,2011,Course150,Active
250,2011,Course151,Active
251,2011,Course152,Active
252,2012,Course153,Active
253,2012,Course154,Active
254,2013,Course155,Active
255,2013,Course156,Active
256,2013,Course157,Active
257,2013,Course158,Active
258,2013,Course159,Active
259,2013,Course160,Active
260,2013,Course161,Active
261,2013,Course162,Active
262,2013,Course163,Active
263,2013,Course164,Active
264,2014,Course165,Active
265,2015,Course166,Active
266,2015,Course167,Active
267,2016,Course168,Active
268,2016,Course169,Active
269,2016,Course170,Active
270,2017,Course171,Active
271,2017,Course172,Active
272,2017,Course173,Active
273,2017,Course174,Active
274,2017,Course175,Active
275,2017,Course176,Active
276,2018,Course177,Active
277,2018,Course178,Active
278,2019,Course179,Active
279,2019,Course180,Active
280,2019,Course181,Active
281,2020,Course182,Active
282,2020,Course183,Active
283,2020,Course184,Active
284,2020,Course185,Active
285,2020,Course186,Active
286,2021,Course187,Active
287,2021,Course188,Active
288,2021,Course189,Active
289,2021,Course190,Active
290,2021,Course191,Active
291,2022,Course192,Active
292,2022,Course193,Active
293,2022,Course194,Active
294,2023,Course195,Active
295,2024,Course196,Active
296,2024,Course197,Active
297,2024,Course198,Active
298,2025,Course199,Active
299,2025,Course200,Active
300,2026,Course201,Active
301,2027,Course202,Active
302,2027,Course203,Active
303,2027,Course204,Active
304,2027,Course205,Active
305,2028,Course206,Active
306,2028,Course207,Active
307,2028,Course208,Active
308,2029,Course209,Active
309,2029,Course210,Active
310,2030,Course211,Active
311,2030,Course212,Active
312,2030,Course213,Active
313,2030,Course214,Active
314,2030,Course215,Active
315,2031,Course216,Active
316,2032,Course217,Active
317,2032,Course218,Active
318,2033,Course219,Active
319,2033,Course220,Active
320,2033,Course221,Active
321,2034,Course222,Active
322,2034,Course223,Active
323,2034,Course224,Active
324,2034,Course225,Active
325,2035,Course226,Active
326,2035,Course227,Active
327,2035,Course228,Active
328,2035,Course229,Active
329,2035,Course230,Active
330,2035,Course231,Active
331,2036,Course232,Active
332,2036,Course233,Active
333,2036,Course234,Active
334,2036,Course235,Active
335,2037,Course236,Active
336,2037,Course237,Active
337,2038,Course238,Active
338,2039,Course239,Active
339,2039,Course240,Active
340,2039,Course241,Active
341,2040,Course242,Active
342,2040,Course243,Active
343,2040,Course244,Active
344,2040,Course245,Active
345,2040,Course246,Active
346,2040,Course247,Active
347,2041,Course248,Active
348,2041,Course249,Active
349,2041,Course250,Active
350,2041,Course251,Active
351,2041,Course252,Active
352,2042,Course253,Active
353,2043,Course254,Active
354,2043,Course255,Active
355,2043,Course256,Active
356,2044,Course257,Active
357,2044,Course258,Active
358,2044,Course259,Active
359,2044,Course260,Active
360,2044,Course261,Active
361,2044,Course262,Active
362,2044,Course263,Active
363,2045,Course264,Active
364,2045,Course265,Active
365,2045,Course266,Active
366,2046,Course267,Active
367,2046,Course268,Active
368,2046,Course269,Active
369,2047,Course270,Active
370,2047,Course271,Active
371,2047,Course272,Active
372,2048,Course273,Active
373,2049,Course274,Active
374,2049,Course275,Active
375,2050,Course276,Active
376,2050,Course277,Active
377,2050,Course278,Active
378,2051,Course279,Active
379,2052,Course280,Active
380,2052,Course281,Active
381,2052,Course282,Active
382,2053,Course283,Active
383,2053,Course284,Active
384,2054,Course285,Active
385,2054,Course286,Active
386,2054,Course287,Active
387,2055,Course288,Active
388,2056,Course289,Active
389,2056,Course290,Active
390,2056,Course291,Active
391,2057,Course292,Active
392,2057,Course293,Active
393,2057,Course294,Active
394,2057,Course295,Active
395,2058,Course296,Active
396,2059,Course297,Active
397,2059,Course298,Active
398,2059,Course299,Active
399,2060,Course300,Active
400,2060,Course301,Active
401,,Course302,Active
402,,Course303,Retired
403,,Course304,Retired
404,,Course305,Retired
405,,Course306,Retired
406,,Course307,Retired
407,,Course308,Retired
408,,Course309,Retired
409,,Course310,Retired
410,,Course311,Retired
411,,Course312,Retired
412,2061,Course313,Retired
413,2062,Course314,Retired
414,2062,Course315,Retired
415,2062,Course316,Retired
416,2063,Course317,Retired
417,2063,Course318,Retired
418,2064,Course319,Retired
419,2065,Course320,Retired
420,2065,Course321,Retired
421,2065,Course322,Retired
422,2060,Course323,Active